artical_name,artical_url
中国科技公司提携年轻员工，寻求激情和活力,http://blog.jobbole.com/114676/
优化 JS 条件语句的 5 个技巧,http://blog.jobbole.com/114671/
5 个好用的开发者 Vim 插件,http://blog.jobbole.com/114666/
14 个依然很棒的 Linux ASCII 游戏,http://blog.jobbole.com/114663/
Python 中星号的本质及其使用方式,http://blog.jobbole.com/114655/
克劳德·香农（信息论之父）：天才的解决问题之道,http://blog.jobbole.com/114648/
Vim 命令合集,http://blog.jobbole.com/114641/
能从远程获得乐趣的 Linux 命令,http://blog.jobbole.com/114638/
5 款 Linux 街机游戏,http://blog.jobbole.com/114636/
“三次握手，四次挥手”你真的懂吗？,http://blog.jobbole.com/114633/
从软件工程的角度解读任正非的新年公开信,http://blog.jobbole.com/114605/
追思杰出的 Linux 内核开发者李少华,http://blog.jobbole.com/114630/
在 Linux 上使用 tarball,http://blog.jobbole.com/114628/
微软变了！招程序员的流程完全改了,http://blog.jobbole.com/114610/
cat 命令的源码进化史,http://blog.jobbole.com/114591/
救命！我的电子邮件发不到 500 英里以外！,http://blog.jobbole.com/114589/
计算机科学自学指南,http://blog.jobbole.com/114573/
在 Linux 命令行上拥有一头奶牛,http://blog.jobbole.com/114570/
Linux 搜索文件和文件夹的 4 种简单方法,http://blog.jobbole.com/114561/
学会这两件事，让你成为 Git 老司机,http://blog.jobbole.com/114551/
